Link Name,Center of Mass X,Center of Mass Y,Center of Mass Z,Center of Mass Roll,Center of Mass Pitch,Center of Mass Yaw,Mass,Moment Ixx,Moment Ixy,Moment Ixz,Moment Iyy,Moment Iyz,Moment Izz,Visual X,Visual Y,Visual Z,Visual Roll,Visual Pitch,Visual Yaw,Mesh Filename,Color Red,Color Green,Color Blue,Color Alpha,Collision X,Collision Y,Collision Z,Collision Roll,Collision Pitch,Collision Yaw,Collision Mesh Filename,Material Name,SW Components,Coordinate System,Axis Name,Joint Name,Joint Type,Joint Origin X,Joint Origin Y,Joint Origin Z,Joint Origin Roll,Joint Origin Pitch,Joint Origin Yaw,Parent,Joint Axis X,Joint Axis Y,Joint Axis Z,Limit Effort,Limit Velocity,Limit Lower,Limit Upper,Calibration rising,Calibration falling,Dynamics Damping,Dynamics Friction,Safety Soft Upper,Safety Soft Lower,Safety K Position,Safety K Velocity
base_link,0.00072554,2.2065E-05,0.024268,0,0,0,0.01,10,0,0,10,0,10,0,0,0,0,0,0,package://mirobot_urdf_2/meshes/base_link.STL,0.44,0.5,0.56,1,0,0,0,0,0,0,package://mirobot_urdf_2/meshes/base_link.STL,,Mirobot_Base-2/01固定座底壳-1;Mirobot_Base-2/03连接底座-2,base_frame,,,,0,0,0,0,0,0,,0,0,0,,,,,,,,,,,,
Link1,0.011601,0.022341,0.044136,0,0,0,0.001,10,0,0,10,0,10,0,0,0,0,0,0,package://mirobot_urdf_2/meshes/Link1.STL,0.83,0.83,0.83,1,0,0,0,0,0,0,package://mirobot_urdf_2/meshes/Link1.STL,,Mirobot_Link1-2/04旋转底座-2;Mirobot_Link1-2/1关节盖-2;Mirobot_Link1-2/05支撑底座-1,frame1,joint1,joint1,revolute,0,0,0.065406,0,0,0,base_link,0,0,1,200,200,-1.7453,2.7925,,,,,,,,
Link2,0.054694,0.0036383,-0.0056108,0,0,0,0.001,10,0,0,10,0,10,0,0,0,0,0,0,package://mirobot_urdf_2/meshes/Link2.STL,1,0.65,0,1,0,0,0,0,0,0,package://mirobot_urdf_2/meshes/Link2.STL,,Mirobot_Link2-1/QN1903.02—01大臂V2-1,frame2,joint2,joint2,revolute,0.029687,-0.022,0.061593,3.1402,-1.5708,1.5722,Link1,0,0,1,200,200,-0.5235,1.2217,,,,,,,,
Link3,0.0099997,0.0071403,0.037517,0,0,0,0.001,10,0,0,10,0,10,0,0,0,0,0,0,package://mirobot_urdf_2/meshes/Link3.STL,0.83,0.83,0.83,1,0,0,0,0,0,0,package://mirobot_urdf_2/meshes/Link3.STL,,Mirobot_Link3-1/10中关节-1;Mirobot_Link3-1/16中关节后盖-1;Mirobot_Link3-1/12中关节管-3;Mirobot_Link3-1/11中关节盖-1,frame3,joint3,joint3,revolute,0.108,0,-0.0094471,0,0,0,Link2,0,0,1,200,200,-2.9671,1.0472,,,,,,,,
Link4,-8.0804E-06,0.0043797,0.040569,0,0,0,0.001,10,0,0,10,0,10,0,0,0,0,0,0,package://mirobot_urdf_2/meshes/Link4.STL,1,0.65,0,1,0,0,0,0,0,0,package://mirobot_urdf_2/meshes/Link4.STL,,Mirobot_Link4-1/14小臂右盖-2;Mirobot_Link4-1/13小臂右-1;Mirobot_Link4-1/13小臂左-1,frame4,joint4,joint4,revolute,0.020001,0.10743,0.031439,-1.5708,0,0,Link3,0,0,1,200,200,-6.1086,6.1086,,,,,,,,
Link5,0.00025302,-0.0020133,0.010352,0,0,0,0.001,10,0,0,10,0,10,0,0,0,0,0,0,package://mirobot_urdf_2/meshes/Link5.STL,0.44,0.5,0.56,1,0,0,0,0,0,0,package://mirobot_urdf_2/meshes/Link5.STL,,Mirobot_Link5-1,frame5,joint5,joint5,revolute,0,-0.010414,0.06155,1.5708,-1.5708,-3.1416,Link4,0,0,1,200,200,-3.5779,0.6283,,,,,,,,
Link6,5.5511E-17,5.421E-20,-0.010506,0,0,0,0.001,10,0,0,10,0,10,0,0,0,0,0,0,package://mirobot_urdf_2/meshes/Link6.STL,0.83,0.83,0.83,1,0,0,0,0,0,0,package://mirobot_urdf_2/meshes/Link6.STL,,Mirobot_SuctionPad-1,frame6,joint6,joint6,revolute,0,-0.01628,0.010525,-1.5708,0,0,Link5,0,0,1,200,200,-6.2832,6.2832,,,,,,,,
